映画館クラス名,プログラムID,映画ID,開始日時,終了日時
Jinbocho_Theater,ht,1,2023-04-15 11:00,2023-04-15 12:20
Jinbocho_Theater,ht,2,2023-04-15 13:15,2023-04-15 14:52
Jinbocho_Theater,ht,3,2023-04-15 15:30,2023-04-15 17:05
Jinbocho_Theater,ht,4,2023-04-15 17:45,2023-04-15 19:12
Jinbocho_Theater,ht,4,2023-04-16 11:00,2023-04-16 12:27
Jinbocho_Theater,ht,3,2023-04-16 13:15,2023-04-16 14:50
Jinbocho_Theater,ht,2,2023-04-16 15:30,2023-04-16 17:07
Jinbocho_Theater,ht,1,2023-04-16 17:45,2023-04-16 19:05
Jinbocho_Theater,ht,2,2023-04-17 12:00,2023-04-17 13:37
Jinbocho_Theater,ht,1,2023-04-17 14:15,2023-04-17 15:35
Jinbocho_Theater,ht,4,2023-04-17 16:30,2023-04-17 17:57
Jinbocho_Theater,ht,3,2023-04-17 19:15,2023-04-17 20:50
Jinbocho_Theater,ht,1,2023-04-19 12:00,2023-04-19 13:20
Jinbocho_Theater,ht,2,2023-04-19 14:15,2023-04-19 15:52
Jinbocho_Theater,ht,3,2023-04-19 16:30,2023-04-19 18:05
Jinbocho_Theater,ht,4,2023-04-19 19:15,2023-04-19 20:42
Jinbocho_Theater,ht,4,2023-04-20 12:00,2023-04-20 13:27
Jinbocho_Theater,ht,3,2023-04-20 14:15,2023-04-20 15:50
Jinbocho_Theater,ht,2,2023-04-20 16:30,2023-04-20 18:07
Jinbocho_Theater,ht,1,2023-04-20 19:15,2023-04-20 20:35
Jinbocho_Theater,ht,3,2023-04-21 12:00,2023-04-21 13:35
Jinbocho_Theater,ht,4,2023-04-21 14:15,2023-04-21 15:42
Jinbocho_Theater,ht,1,2023-04-21 16:30,2023-04-21 17:50
Jinbocho_Theater,ht,2,2023-04-21 19:15,2023-04-21 20:52
Cinemavera_Shibuya,now,18,2023-04-22 11:00,2023-04-22 12:36
Jinbocho_Theater,ht,7,2023-04-22 11:00,2023-04-22 12:08
Cinemavera_Shibuya,now,52,2023-04-22 12:55,2023-04-22 14:22
Jinbocho_Theater,ht,6,2023-04-22 13:15,2023-04-22 14:40
Cinemavera_Shibuya,now,9,2023-04-22 14:40,2023-04-22 16:03
Jinbocho_Theater,ht,5,2023-04-22 15:30,2023-04-22 17:33
Jinbocho_Theater,ht,8,2023-04-22 18:00,2023-04-22 19:27
Cinemavera_Shibuya,now,20,2023-04-22 18:35,2023-04-22 20:08
Cinemavera_Shibuya,now,12,2023-04-22 20:25,2023-04-22 21:18
Cinemavera_Shibuya,now,4,2023-04-23 11:00,2023-04-23 12:39
Jinbocho_Theater,ht,8,2023-04-23 11:00,2023-04-23 12:27
Cinemavera_Shibuya,now,53,2023-04-23 13:00,2023-04-23 14:12
Jinbocho_Theater,ht,5,2023-04-23 13:15,2023-04-23 15:18
Cinemavera_Shibuya,now,2,2023-04-23 14:35,2023-04-23 15:49
Jinbocho_Theater,ht,7,2023-04-23 15:45,2023-04-23 16:53
Cinemavera_Shibuya,now,11,2023-04-23 16:10,2023-04-23 17:22
Cinemavera_Shibuya,now,19,2023-04-23 17:40,2023-04-23 19:01
Jinbocho_Theater,ht,6,2023-04-23 17:45,2023-04-23 19:10
Cinemavera_Shibuya,now,6,2023-04-24 11:00,2023-04-24 12:37
Jinbocho_Theater,ht,6,2023-04-24 12:00,2023-04-24 13:25
Cinemavera_Shibuya,now,16,2023-04-24 12:55,2023-04-24 14:19
Jinbocho_Theater,ht,7,2023-04-24 14:15,2023-04-24 15:23
Cinemavera_Shibuya,now,26,2023-04-24 14:40,2023-04-24 16:05
Cinemavera_Shibuya,now,15,2023-04-24 16:25,2023-04-24 17:36
Jinbocho_Theater,ht,8,2023-04-24 16:30,2023-04-24 17:57
Cinemavera_Shibuya,now,43,2023-04-24 17:55,2023-04-24 19:31
Jinbocho_Theater,ht,5,2023-04-24 19:15,2023-04-24 21:18
Cinemavera_Shibuya,now,23,2023-04-24 19:50,2023-04-24 21:34
Cinemavera_Shibuya,now,13,2023-04-25 11:00,2023-04-25 13:30
Jinbocho_Theater,ht,5,2023-04-25 12:00,2023-04-25 14:03
Jinbocho_Theater,ht,6,2023-04-25 14:30,2023-04-25 15:55
Cinemavera_Shibuya,now,37,2023-04-25 15:15,2023-04-25 16:33
Jinbocho_Theater,ht,7,2023-04-25 16:30,2023-04-25 17:38
Cinemavera_Shibuya,now,31,2023-04-25 16:50,2023-04-25 18:46
Cinemavera_Shibuya,now,24,2023-04-25 19:05,2023-04-25 21:15
Jinbocho_Theater,ht,8,2023-04-25 19:15,2023-04-25 20:42
Cinemavera_Shibuya,now,8,2023-04-26 11:00,2023-04-26 12:26
Jinbocho_Theater,ht,8,2023-04-26 12:00,2023-04-26 13:27
Cinemavera_Shibuya,now,33,2023-04-26 12:45,2023-04-26 13:35
Cinemavera_Shibuya,now,28,2023-04-26 13:55,2023-04-26 16:01
Jinbocho_Theater,ht,5,2023-04-26 14:15,2023-04-26 16:18
Cinemavera_Shibuya,now,29,2023-04-26 16:20,2023-04-26 18:30
Jinbocho_Theater,ht,6,2023-04-26 16:45,2023-04-26 18:10
Cinemavera_Shibuya,now,44,2023-04-26 18:50,2023-04-26 20:49
Jinbocho_Theater,ht,7,2023-04-26 19:15,2023-04-26 20:23
Cinemavera_Shibuya,now,48,2023-04-27 11:00,2023-04-27 12:44
Jinbocho_Theater,ht,7,2023-04-27 12:00,2023-04-27 13:08
Cinemavera_Shibuya,now,5,2023-04-27 13:05,2023-04-27 14:50
Jinbocho_Theater,ht,8,2023-04-27 14:15,2023-04-27 15:42
Cinemavera_Shibuya,now,38,2023-04-27 15:10,2023-04-27 16:22
Jinbocho_Theater,ht,5,2023-04-27 16:30,2023-04-27 18:33
Cinemavera_Shibuya,now,34,2023-04-27 16:40,2023-04-27 17:47
Cinemavera_Shibuya,now,27,2023-04-27 18:05,2023-04-27 19:42
Jinbocho_Theater,ht,6,2023-04-27 19:15,2023-04-27 20:40
Cinemavera_Shibuya,now,2,2023-04-27 20:00,2023-04-27 21:14
Cinemavera_Shibuya,now,46,2023-04-28 11:00,2023-04-28 12:39
Jinbocho_Theater,ht,6,2023-04-28 12:00,2023-04-28 13:25
Cinemavera_Shibuya,now,32,2023-04-28 13:00,2023-04-28 13:52
Cinemavera_Shibuya,now,39,2023-04-28 14:10,2023-04-28 15:42
Jinbocho_Theater,ht,7,2023-04-28 14:15,2023-04-28 15:23
Cinemavera_Shibuya,now,49,2023-04-28 16:00,2023-04-28 17:45
Jinbocho_Theater,ht,8,2023-04-28 16:30,2023-04-28 17:57
Cinemavera_Shibuya,now,3,2023-04-28 18:05,2023-04-28 19:30
Jinbocho_Theater,ht,5,2023-04-28 19:15,2023-04-28 21:18
Cinemavera_Shibuya,now,40,2023-04-28 19:50,2023-04-28 21:12
Jinbocho_Theater,ht,9,2023-04-29 11:00,2023-04-29 12:28
Cinemavera_Shibuya,now,3,2023-04-29 11:00,2023-04-29 12:25
Cinemavera_Shibuya,now,51,2023-04-29 12:45,2023-04-29 14:48
Jinbocho_Theater,ht,10,2023-04-29 13:15,2023-04-29 14:56
Jinbocho_Theater,ht,11,2023-04-29 15:30,2023-04-29 18:06
Cinemavera_Shibuya,now,2,2023-04-29 16:40,2023-04-29 17:54
Cinemavera_Shibuya,now,21,2023-04-29 18:15,2023-04-29 20:05
Jinbocho_Theater,ht,12,2023-04-29 18:30,2023-04-29 20:38
Cinemavera_Shibuya,now,26,2023-04-29 20:25,2023-04-29 21:50
Cinemavera_Shibuya,now,25,2023-04-30 11:00,2023-04-30 12:45
Jinbocho_Theater,ht,10,2023-04-30 11:00,2023-04-30 12:41
Cinemavera_Shibuya,now,50,2023-04-30 13:05,2023-04-30 15:04
Jinbocho_Theater,ht,11,2023-04-30 13:15,2023-04-30 15:51
Cinemavera_Shibuya,now,9,2023-04-30 15:25,2023-04-30 16:48
Jinbocho_Theater,ht,12,2023-04-30 16:15,2023-04-30 18:23
Cinemavera_Shibuya,now,6,2023-04-30 17:10,2023-04-30 18:47
Jinbocho_Theater,ht,9,2023-04-30 18:50,2023-04-30 20:18
Cinemavera_Shibuya,now,32,2023-04-30 19:05,2023-04-30 19:57
Cinemavera_Shibuya,now,37,2023-04-30 20:15,2023-04-30 21:33
Cinemavera_Shibuya,now,5,2023-05-01 11:00,2023-05-01 12:45
Jinbocho_Theater,ht,11,2023-05-01 12:00,2023-05-01 14:36
Cinemavera_Shibuya,now,42,2023-05-01 13:05,2023-05-01 14:38
Cinemavera_Shibuya,now,3,2023-05-01 15:00,2023-05-01 16:25
Jinbocho_Theater,ht,12,2023-05-01 15:00,2023-05-01 17:08
Cinemavera_Shibuya,now,14,2023-05-01 16:45,2023-05-01 18:21
Jinbocho_Theater,ht,9,2023-05-01 17:35,2023-05-01 19:03
Cinemavera_Shibuya,now,12,2023-05-01 18:40,2023-05-01 19:33
Jinbocho_Theater,ht,10,2023-05-01 19:30,2023-05-01 21:11
Cinemavera_Shibuya,now,18,2023-05-01 19:55,2023-05-01 21:31
Cinemavera_Shibuya,now,45,2023-05-02 11:00,2023-05-02 13:15
Jinbocho_Theater,ht,12,2023-05-02 12:00,2023-05-02 14:08
Jinbocho_Theater,ht,9,2023-05-02 14:35,2023-05-02 16:03
Cinemavera_Shibuya,now,41,2023-05-02 15:45,2023-05-02 17:49
Jinbocho_Theater,ht,10,2023-05-02 16:30,2023-05-02 18:11
Cinemavera_Shibuya,now,4,2023-05-02 18:10,2023-05-02 19:49
Jinbocho_Theater,ht,11,2023-05-02 18:40,2023-05-02 21:16
Cinemavera_Shibuya,now,15,2023-05-02 20:10,2023-05-02 21:21
Cinemavera_Shibuya,now,52,2023-05-03 11:00,2023-05-03 12:27
Jinbocho_Theater,ht,9,2023-05-03 11:00,2023-05-03 12:28
Cinemavera_Shibuya,now,1,2023-05-03 12:50,2023-05-03 14:22
Jinbocho_Theater,ht,10,2023-05-03 13:15,2023-05-03 14:56
Cinemavera_Shibuya,now,34,2023-05-03 14:40,2023-05-03 15:47
Jinbocho_Theater,ht,11,2023-05-03 15:30,2023-05-03 18:06
Cinemavera_Shibuya,now,5,2023-05-03 16:05,2023-05-03 17:50
Cinemavera_Shibuya,now,8,2023-05-03 18:10,2023-05-03 19:36
Jinbocho_Theater,ht,12,2023-05-03 18:30,2023-05-03 20:38
Cinemavera_Shibuya,now,2,2023-05-03 19:55,2023-05-03 21:09
Cinemavera_Shibuya,now,53,2023-05-04 11:00,2023-05-04 12:12
Jinbocho_Theater,ht,10,2023-05-04 11:00,2023-05-04 12:41
Cinemavera_Shibuya,now,9,2023-05-04 12:30,2023-05-04 13:53
Jinbocho_Theater,ht,11,2023-05-04 13:15,2023-05-04 15:51
Cinemavera_Shibuya,now,17,2023-05-04 14:15,2023-05-04 15:40
Cinemavera_Shibuya,now,8,2023-05-04 16:00,2023-05-04 17:26
Jinbocho_Theater,ht,12,2023-05-04 16:15,2023-05-04 18:23
Cinemavera_Shibuya,now,35,2023-05-04 17:45,2023-05-04 19:17
Jinbocho_Theater,ht,9,2023-05-04 18:50,2023-05-04 20:18
Cinemavera_Shibuya,now,47,2023-05-04 19:35,2023-05-04 21:22
Cinemavera_Shibuya,now,36,2023-05-05 11:00,2023-05-05 12:36
Jinbocho_Theater,ht,9,2023-05-05 11:00,2023-05-05 12:28
Cinemavera_Shibuya,now,4,2023-05-05 12:55,2023-05-05 14:34
Jinbocho_Theater,silent2023,1,2023-05-05 13:15,2023-05-05 14:55
Jinbocho_Theater,silent2023,2,2023-05-05 15:45,2023-05-05 17:15
Jinbocho_Theater,ht,10,2023-05-05 18:00,2023-05-05 19:41
Cinemavera_Shibuya,now,40,2023-05-05 18:35,2023-05-05 19:57
Cinemavera_Shibuya,now,22,2023-05-05 20:15,2023-05-05 21:55
Cinemavera_Shibuya,now,41,2023-05-06 11:00,2023-05-06 13:04
Jinbocho_Theater,ht,15,2023-05-06 11:00,2023-05-06 12:26
Jinbocho_Theater,silent2023,2,2023-05-06 13:15,2023-05-06 14:45
Cinemavera_Shibuya,now,5,2023-05-06 13:25,2023-05-06 15:10
Cinemavera_Shibuya,now,8,2023-05-06 15:30,2023-05-06 16:56
Jinbocho_Theater,silent2023,1,2023-05-06 15:30,2023-05-06 17:10
Cinemavera_Shibuya,now,46,2023-05-06 17:15,2023-05-06 18:54
Jinbocho_Theater,ht,16,2023-05-06 17:45,2023-05-06 19:24
Cinemavera_Shibuya,now,39,2023-05-06 19:15,2023-05-06 20:47
Cinemavera_Shibuya,now,33,2023-05-06 21:05,2023-05-06 21:55
Jinbocho_Theater,ht,14,2023-05-07 11:00,2023-05-07 12:37
Cinemavera_Shibuya,now,3,2023-05-07 13:10,2023-05-07 14:35
Jinbocho_Theater,ht,13,2023-05-07 13:15,2023-05-07 15:18
Cinemavera_Shibuya,now,35,2023-05-07 14:55,2023-05-07 16:27
Jinbocho_Theater,ht,16,2023-05-07 15:45,2023-05-07 17:24
Cinemavera_Shibuya,now,13,2023-05-07 16:45,2023-05-07 19:15
Jinbocho_Theater,ht,15,2023-05-07 17:50,2023-05-07 19:16
Cinemavera_Shibuya,now,24,2023-05-08 11:00,2023-05-08 13:10
Jinbocho_Theater,ht,13,2023-05-08 12:00,2023-05-08 14:03
Cinemavera_Shibuya,now,36,2023-05-08 13:30,2023-05-08 15:06
Jinbocho_Theater,ht,14,2023-05-08 14:30,2023-05-08 16:07
Cinemavera_Shibuya,now,4,2023-05-08 15:25,2023-05-08 17:04
Jinbocho_Theater,ht,15,2023-05-08 16:40,2023-05-08 18:06
Cinemavera_Shibuya,now,31,2023-05-08 17:25,2023-05-08 19:21
Jinbocho_Theater,ht,16,2023-05-08 19:15,2023-05-08 20:54
Cinemavera_Shibuya,now,22,2023-05-08 19:40,2023-05-08 21:20
Cinemavera_Shibuya,now,19,2023-05-09 11:00,2023-05-09 12:21
Jinbocho_Theater,ht,16,2023-05-09 12:00,2023-05-09 13:39
Cinemavera_Shibuya,now,8,2023-05-09 12:40,2023-05-09 14:06
Jinbocho_Theater,ht,13,2023-05-09 14:15,2023-05-09 16:18
Cinemavera_Shibuya,now,6,2023-05-09 14:25,2023-05-09 16:02
Cinemavera_Shibuya,now,26,2023-05-09 16:20,2023-05-09 17:45
Jinbocho_Theater,ht,14,2023-05-09 16:50,2023-05-09 18:27
Cinemavera_Shibuya,now,11,2023-05-09 18:05,2023-05-09 19:17
Jinbocho_Theater,ht,15,2023-05-09 19:15,2023-05-09 20:41
Cinemavera_Shibuya,now,25,2023-05-09 19:35,2023-05-09 21:20
Cinemavera_Shibuya,now,2,2023-05-10 11:00,2023-05-10 12:14
Jinbocho_Theater,ht,15,2023-05-10 12:00,2023-05-10 13:26
Cinemavera_Shibuya,now,49,2023-05-10 12:35,2023-05-10 14:20
Jinbocho_Theater,ht,16,2023-05-10 14:15,2023-05-10 15:54
Jinbocho_Theater,ht,13,2023-05-10 16:30,2023-05-10 18:33
Cinemavera_Shibuya,now,9,2023-05-10 16:40,2023-05-10 18:03
Cinemavera_Shibuya,now,43,2023-05-10 18:20,2023-05-10 19:56
Jinbocho_Theater,ht,14,2023-05-10 19:15,2023-05-10 20:52
Cinemavera_Shibuya,now,42,2023-05-10 20:15,2023-05-10 21:48
Cinemavera_Shibuya,now,32,2023-05-11 11:00,2023-05-11 11:52
Jinbocho_Theater,ht,14,2023-05-11 12:00,2023-05-11 13:37
Cinemavera_Shibuya,now,29,2023-05-11 12:10,2023-05-11 14:20
Jinbocho_Theater,ht,15,2023-05-11 14:15,2023-05-11 15:41
Cinemavera_Shibuya,now,48,2023-05-11 14:40,2023-05-11 16:24
Jinbocho_Theater,ht,16,2023-05-11 16:30,2023-05-11 18:09
Cinemavera_Shibuya,now,17,2023-05-11 16:45,2023-05-11 18:10
Cinemavera_Shibuya,now,1,2023-05-11 18:30,2023-05-11 20:02
Jinbocho_Theater,ht,13,2023-05-11 19:15,2023-05-11 21:18
Cinemavera_Shibuya,now,6,2023-05-12 11:00,2023-05-12 12:37
Jinbocho_Theater,ht,16,2023-05-12 12:00,2023-05-12 13:39
Cinemavera_Shibuya,now,23,2023-05-12 12:55,2023-05-12 14:39
Jinbocho_Theater,ht,13,2023-05-12 14:15,2023-05-12 16:18
Cinemavera_Shibuya,now,5,2023-05-12 15:00,2023-05-12 16:45
Jinbocho_Theater,ht,14,2023-05-12 16:50,2023-05-12 18:27
Cinemavera_Shibuya,now,38,2023-05-12 17:05,2023-05-12 18:17
Cinemavera_Shibuya,now,9,2023-05-12 18:35,2023-05-12 19:58
Jinbocho_Theater,ht,15,2023-05-12 19:15,2023-05-12 20:41
Cinemavera_Shibuya,now,27,2023-05-12 20:15,2023-05-12 21:52
Cinemavera_Shibuya,now,53,2023-05-13 11:00,2023-05-13 12:12
Jinbocho_Theater,morishige2,1,2023-05-13 11:00,2023-05-13 12:15
Cinemavera_Shibuya,now,6,2023-05-13 12:35,2023-05-13 14:12
Jinbocho_Theater,morishige2,2,2023-05-13 13:15,2023-05-13 14:47
Cinemavera_Shibuya,now,42,2023-05-13 14:30,2023-05-13 16:03
Jinbocho_Theater,morishige2,3,2023-05-13 15:30,2023-05-13 17:27
Cinemavera_Shibuya,now,9,2023-05-13 16:25,2023-05-13 17:48
Jinbocho_Theater,morishige2,4,2023-05-13 18:00,2023-05-13 19:35
Cinemavera_Shibuya,now,24,2023-05-13 18:10,2023-05-13 20:20
Cinemavera_Shibuya,now,11,2023-05-13 20:40,2023-05-13 21:52
Cinemavera_Shibuya,now,31,2023-05-14 11:00,2023-05-14 12:56
Jinbocho_Theater,morishige2,2,2023-05-14 11:00,2023-05-14 12:32
Jinbocho_Theater,morishige2,3,2023-05-14 13:15,2023-05-14 15:12
Cinemavera_Shibuya,now,14,2023-05-14 13:15,2023-05-14 14:51
Cinemavera_Shibuya,now,8,2023-05-14 15:10,2023-05-14 16:36
Jinbocho_Theater,morishige2,4,2023-05-14 15:40,2023-05-14 17:15
Cinemavera_Shibuya,now,1,2023-05-14 16:55,2023-05-14 18:27
Jinbocho_Theater,morishige2,1,2023-05-14 17:45,2023-05-14 19:00
Cinemavera_Shibuya,now,4,2023-05-14 18:45,2023-05-14 20:24
Cinemavera_Shibuya,now,20,2023-05-15 11:00,2023-05-15 12:33
Jinbocho_Theater,morishige2,4,2023-05-15 12:00,2023-05-15 13:35
Cinemavera_Shibuya,now,21,2023-05-15 12:55,2023-05-15 14:45
Jinbocho_Theater,morishige2,1,2023-05-15 14:15,2023-05-15 15:30
Cinemavera_Shibuya,now,41,2023-05-15 15:05,2023-05-15 17:09
Jinbocho_Theater,morishige2,2,2023-05-15 16:30,2023-05-15 18:02
Cinemavera_Shibuya,now,28,2023-05-15 17:30,2023-05-15 19:36
Jinbocho_Theater,morishige2,3,2023-05-15 19:15,2023-05-15 21:12
Cinemavera_Shibuya,now,3,2023-05-15 19:55,2023-05-15 21:20
Cinemavera_Shibuya,now,22,2023-05-16 11:00,2023-05-16 12:40
Cinemavera_Shibuya,now,39,2023-05-16 14:30,2023-05-16 16:02
Cinemavera_Shibuya,now,23,2023-05-16 16:20,2023-05-16 18:04
Cinemavera_Shibuya,now,19,2023-05-16 18:25,2023-05-16 19:46
Cinemavera_Shibuya,now,2,2023-05-16 20:05,2023-05-16 21:19
Cinemavera_Shibuya,now,4,2023-05-17 11:00,2023-05-17 12:39
Jinbocho_Theater,morishige2,2,2023-05-17 12:00,2023-05-17 13:32
Cinemavera_Shibuya,now,35,2023-05-17 13:00,2023-05-17 14:32
Jinbocho_Theater,morishige2,3,2023-05-17 14:15,2023-05-17 16:12
Cinemavera_Shibuya,now,47,2023-05-17 14:50,2023-05-17 16:37
Jinbocho_Theater,morishige2,4,2023-05-17 16:40,2023-05-17 18:15
Cinemavera_Shibuya,now,36,2023-05-17 16:55,2023-05-17 18:31
Cinemavera_Shibuya,now,45,2023-05-17 18:50,2023-05-17 21:05
Jinbocho_Theater,morishige2,1,2023-05-17 19:15,2023-05-17 20:30
Cinemavera_Shibuya,now,40,2023-05-18 11:00,2023-05-18 12:22
Jinbocho_Theater,morishige2,1,2023-05-18 12:00,2023-05-18 13:15
Cinemavera_Shibuya,now,43,2023-05-18 12:40,2023-05-18 14:16
Jinbocho_Theater,morishige2,2,2023-05-18 14:15,2023-05-18 15:47
Cinemavera_Shibuya,now,19,2023-05-18 14:35,2023-05-18 15:56
Cinemavera_Shibuya,now,16,2023-05-18 16:15,2023-05-18 17:39
Jinbocho_Theater,morishige2,3,2023-05-18 16:30,2023-05-18 18:27
Cinemavera_Shibuya,now,34,2023-05-18 18:00,2023-05-18 19:07
Jinbocho_Theater,morishige2,4,2023-05-18 19:15,2023-05-18 20:50
Cinemavera_Shibuya,now,1,2023-05-18 19:25,2023-05-18 20:57
Cinemavera_Shibuya,now,12,2023-05-19 11:00,2023-05-19 11:53
Jinbocho_Theater,morishige2,3,2023-05-19 12:00,2023-05-19 13:57
Cinemavera_Shibuya,now,46,2023-05-19 12:15,2023-05-19 13:54
Cinemavera_Shibuya,now,18,2023-05-19 14:15,2023-05-19 15:51
Jinbocho_Theater,morishige2,4,2023-05-19 14:25,2023-05-19 16:00
Cinemavera_Shibuya,now,20,2023-05-19 16:10,2023-05-19 17:43
Jinbocho_Theater,morishige2,1,2023-05-19 16:30,2023-05-19 17:45
Cinemavera_Shibuya,now,38,2023-05-19 18:00,2023-05-19 19:12
Jinbocho_Theater,morishige2,2,2023-05-19 19:15,2023-05-19 20:47
Cinemavera_Shibuya,now,3,2023-05-20 11:00,2023-05-20 12:25
Jinbocho_Theater,morishige2,5,2023-05-20 11:00,2023-05-20 12:51
Cinemavera_Shibuya,now,17,2023-05-20 12:45,2023-05-20 14:10
Jinbocho_Theater,morishige2,6,2023-05-20 13:15,2023-05-20 15:09
Jinbocho_Theater,morishige2,7,2023-05-20 15:40,2023-05-20 17:23
Cinemavera_Shibuya,now,8,2023-05-20 16:40,2023-05-20 18:06
Jinbocho_Theater,morishige2,8,2023-05-20 17:50,2023-05-20 19:26
Cinemavera_Shibuya,now,33,2023-05-20 18:25,2023-05-20 19:15
Cinemavera_Shibuya,now,36,2023-05-20 19:35,2023-05-20 21:11
Jinbocho_Theater,morishige2,6,2023-05-21 11:00,2023-05-21 12:54
Cinemavera_Shibuya,now,52,2023-05-21 12:30,2023-05-21 13:57
Jinbocho_Theater,morishige2,7,2023-05-21 13:20,2023-05-21 15:03
Cinemavera_Shibuya,now,2,2023-05-21 14:15,2023-05-21 15:29
Jinbocho_Theater,morishige2,8,2023-05-21 15:30,2023-05-21 17:06
Cinemavera_Shibuya,now,15,2023-05-21 15:50,2023-05-21 17:01
Cinemavera_Shibuya,now,18,2023-05-21 17:20,2023-05-21 18:56
Jinbocho_Theater,morishige2,5,2023-05-21 17:45,2023-05-21 19:36
Cinemavera_Shibuya,now,16,2023-05-21 19:15,2023-05-21 20:39
Cinemavera_Shibuya,now,9,2023-05-22 11:00,2023-05-22 12:23
Jinbocho_Theater,morishige2,7,2023-05-22 12:00,2023-05-22 13:43
Cinemavera_Shibuya,now,2,2023-05-22 12:40,2023-05-22 13:54
Jinbocho_Theater,morishige2,8,2023-05-22 14:15,2023-05-22 15:51
Cinemavera_Shibuya,now,4,2023-05-22 14:15,2023-05-22 15:54
Cinemavera_Shibuya,now,12,2023-05-22 16:15,2023-05-22 17:08
Jinbocho_Theater,morishige2,5,2023-05-22 16:30,2023-05-22 18:21
Cinemavera_Shibuya,now,41,2023-05-22 17:30,2023-05-22 19:34
Jinbocho_Theater,morishige2,6,2023-05-22 19:15,2023-05-22 21:09
Cinemavera_Shibuya,now,8,2023-05-22 19:55,2023-05-22 21:21
Cinemavera_Shibuya,now,21,2023-05-23 11:00,2023-05-23 12:50
Cinemavera_Shibuya,now,34,2023-05-23 13:10,2023-05-23 14:17
Cinemavera_Shibuya,now,3,2023-05-23 14:35,2023-05-23 16:00
Cinemavera_Shibuya,now,37,2023-05-23 16:20,2023-05-23 17:38
Cinemavera_Shibuya,now,1,2023-05-23 18:00,2023-05-23 19:32
Cinemavera_Shibuya,now,20,2023-05-23 19:50,2023-05-23 21:23
Cinemavera_Shibuya,now,44,2023-05-24 11:00,2023-05-24 12:59
Jinbocho_Theater,morishige2,5,2023-05-24 12:00,2023-05-24 13:51
Cinemavera_Shibuya,now,27,2023-05-24 13:20,2023-05-24 14:57
Jinbocho_Theater,morishige2,6,2023-05-24 14:15,2023-05-24 16:09
Cinemavera_Shibuya,now,14,2023-05-24 15:15,2023-05-24 16:51
Jinbocho_Theater,morishige2,7,2023-05-24 16:40,2023-05-24 18:23
Cinemavera_Shibuya,now,32,2023-05-24 17:10,2023-05-24 18:02
Cinemavera_Shibuya,now,17,2023-05-24 18:20,2023-05-24 19:45
Jinbocho_Theater,morishige2,8,2023-05-24 19:15,2023-05-24 20:51
Cinemavera_Shibuya,now,6,2023-05-24 20:05,2023-05-24 21:42
Cinemavera_Shibuya,now,35,2023-05-25 11:00,2023-05-25 12:32
Jinbocho_Theater,morishige2,6,2023-05-25 12:00,2023-05-25 13:54
Cinemavera_Shibuya,now,47,2023-05-25 12:50,2023-05-25 14:37
Jinbocho_Theater,morishige2,7,2023-05-25 14:20,2023-05-25 16:03
Cinemavera_Shibuya,now,40,2023-05-25 16:25,2023-05-25 17:47
Jinbocho_Theater,morishige2,8,2023-05-25 16:30,2023-05-25 18:06
Jinbocho_Theater,morishige2,5,2023-05-25 19:15,2023-05-25 21:06
Cinemavera_Shibuya,now,5,2023-05-25 20:05,2023-05-25 21:50
Cinemavera_Shibuya,now,11,2023-05-26 11:00,2023-05-26 12:12
Jinbocho_Theater,morishige2,8,2023-05-26 12:00,2023-05-26 13:36
Cinemavera_Shibuya,now,37,2023-05-26 12:30,2023-05-26 13:48
Cinemavera_Shibuya,now,25,2023-05-26 14:10,2023-05-26 15:55
Jinbocho_Theater,morishige2,5,2023-05-26 14:15,2023-05-26 16:06
Jinbocho_Theater,morishige2,6,2023-05-26 16:30,2023-05-26 18:24
Cinemavera_Shibuya,now,39,2023-05-26 18:25,2023-05-26 19:57
Jinbocho_Theater,morishige2,7,2023-05-26 19:15,2023-05-26 20:58
Cinemavera_Shibuya,now,9,2023-05-26 20:15,2023-05-26 21:38
Jinbocho_Theater,morishige2,9,2023-05-27 11:00,2023-05-27 12:13
Cinemavera_Shibuya,next,1,2023-05-27 11:00,2023-05-27 12:25
Cinemavera_Shibuya,next,6,2023-05-27 12:45,2023-05-27 13:57
Jinbocho_Theater,morishige2,10,2023-05-27 13:15,2023-05-27 15:24
Cinemavera_Shibuya,next,5,2023-05-27 14:15,2023-05-27 15:40
Jinbocho_Theater,morishige2,11,2023-05-27 15:50,2023-05-27 17:40
Cinemavera_Shibuya,next,15,2023-05-27 16:00,2023-05-27 17:50
Cinemavera_Shibuya,next,2,2023-05-27 18:10,2023-05-27 18:32
Cinemavera_Shibuya,next,3,2023-05-27 18:10,2023-05-27 18:27
Jinbocho_Theater,morishige2,12,2023-05-27 18:10,2023-05-27 19:49
Cinemavera_Shibuya,next,14,2023-05-27 19:10,2023-05-27 21:25
Jinbocho_Theater,morishige2,12,2023-05-28 11:00,2023-05-28 12:39
Cinemavera_Shibuya,next,4,2023-05-28 11:00,2023-05-28 12:27
Cinemavera_Shibuya,next,8,2023-05-28 12:45,2023-05-28 14:05
Jinbocho_Theater,morishige2,11,2023-05-28 13:15,2023-05-28 15:05
Cinemavera_Shibuya,next,19,2023-05-28 14:25,2023-05-28 16:09
Jinbocho_Theater,morishige2,10,2023-05-28 15:30,2023-05-28 17:39
Cinemavera_Shibuya,next,1,2023-05-28 16:30,2023-05-28 17:55
Jinbocho_Theater,morishige2,9,2023-05-28 18:10,2023-05-28 19:23
Cinemavera_Shibuya,next,7,2023-05-28 18:15,2023-05-28 19:32
Cinemavera_Shibuya,next,13,2023-05-28 19:50,2023-05-28 21:32
Cinemavera_Shibuya,next,12,2023-05-29 11:00,2023-05-29 12:34
Jinbocho_Theater,morishige2,11,2023-05-29 12:00,2023-05-29 13:50
Cinemavera_Shibuya,next,9,2023-05-29 12:55,2023-05-29 14:10
Jinbocho_Theater,morishige2,12,2023-05-29 14:15,2023-05-29 15:54
Cinemavera_Shibuya,next,8,2023-05-29 14:30,2023-05-29 15:50
Cinemavera_Shibuya,next,11,2023-05-29 16:10,2023-05-29 18:13
Jinbocho_Theater,morishige2,9,2023-05-29 16:30,2023-05-29 17:43
Cinemavera_Shibuya,next,17,2023-05-29 18:30,2023-05-29 20:05
Jinbocho_Theater,morishige2,10,2023-05-29 19:15,2023-05-29 21:24
Cinemavera_Shibuya,next,6,2023-05-29 20:25,2023-05-29 21:37
Cinemavera_Shibuya,next,15,2023-05-30 11:00,2023-05-30 12:50
Jinbocho_Theater,morishige2,10,2023-05-30 12:00,2023-05-30 14:09
Cinemavera_Shibuya,next,7,2023-05-30 13:10,2023-05-30 14:27
Jinbocho_Theater,morishige2,11,2023-05-30 14:35,2023-05-30 16:25
Cinemavera_Shibuya,next,2,2023-05-30 14:45,2023-05-30 15:07
Cinemavera_Shibuya,next,3,2023-05-30 14:45,2023-05-30 15:02
Cinemavera_Shibuya,next,16,2023-05-30 15:45,2023-05-30 17:29
Jinbocho_Theater,morishige2,12,2023-05-30 17:00,2023-05-30 18:39
Cinemavera_Shibuya,next,5,2023-05-30 17:50,2023-05-30 19:15
Jinbocho_Theater,morishige2,9,2023-05-30 19:15,2023-05-30 20:28
Cinemavera_Shibuya,next,1,2023-05-30 19:35,2023-05-30 21:00
Cinemavera_Shibuya,next,14,2023-05-31 11:00,2023-05-31 13:15
Jinbocho_Theater,morishige2,9,2023-05-31 12:00,2023-05-31 13:13
Cinemavera_Shibuya,next,19,2023-05-31 13:35,2023-05-31 15:19
Jinbocho_Theater,morishige2,10,2023-05-31 14:15,2023-05-31 16:24
Cinemavera_Shibuya,next,4,2023-05-31 15:40,2023-05-31 17:07
Jinbocho_Theater,morishige2,11,2023-05-31 17:00,2023-05-31 18:50
Cinemavera_Shibuya,next,18,2023-05-31 17:25,2023-05-31 19:32
Jinbocho_Theater,morishige2,12,2023-05-31 19:15,2023-05-31 20:54
Cinemavera_Shibuya,next,15,2023-05-31 19:50,2023-05-31 21:40
Cinemavera_Shibuya,next,13,2023-06-01 11:00,2023-06-01 12:42
Jinbocho_Theater,morishige2,11,2023-06-01 12:00,2023-06-01 13:50
Cinemavera_Shibuya,next,2,2023-06-01 13:00,2023-06-01 13:22
Cinemavera_Shibuya,next,3,2023-06-01 13:00,2023-06-01 13:17
Cinemavera_Shibuya,next,6,2023-06-01 14:00,2023-06-01 15:12
Jinbocho_Theater,morishige2,12,2023-06-01 14:15,2023-06-01 15:54
Cinemavera_Shibuya,next,7,2023-06-01 15:30,2023-06-01 16:47
Jinbocho_Theater,morishige2,9,2023-06-01 16:30,2023-06-01 17:43
Cinemavera_Shibuya,next,10,2023-06-01 17:05,2023-06-01 19:19
Jinbocho_Theater,morishige2,10,2023-06-01 19:15,2023-06-01 21:24
Cinemavera_Shibuya,next,12,2023-06-01 19:40,2023-06-01 21:14
Cinemavera_Shibuya,next,8,2023-06-02 11:00,2023-06-02 12:20
Jinbocho_Theater,morishige2,12,2023-06-02 12:00,2023-06-02 13:39
Cinemavera_Shibuya,next,1,2023-06-02 12:40,2023-06-02 14:05
Jinbocho_Theater,morishige2,9,2023-06-02 14:15,2023-06-02 15:28
Cinemavera_Shibuya,next,5,2023-06-02 14:25,2023-06-02 15:50
Cinemavera_Shibuya,next,4,2023-06-02 16:10,2023-06-02 17:37
Jinbocho_Theater,morishige2,10,2023-06-02 16:30,2023-06-02 18:39
Cinemavera_Shibuya,next,19,2023-06-02 17:55,2023-06-02 19:39
Jinbocho_Theater,morishige2,11,2023-06-02 19:15,2023-06-02 21:05
Cinemavera_Shibuya,next,9,2023-06-02 20:00,2023-06-02 21:15
Jinbocho_Theater,morishige2,13,2023-06-03 11:00,2023-06-03 13:00
Cinemavera_Shibuya,next,9,2023-06-03 11:00,2023-06-03 12:15
Cinemavera_Shibuya,next,17,2023-06-03 12:35,2023-06-03 14:10
Jinbocho_Theater,morishige2,14,2023-06-03 13:25,2023-06-03 15:11
Cinemavera_Shibuya,next,1,2023-06-03 14:30,2023-06-03 15:55
Jinbocho_Theater,morishige2,15,2023-06-03 15:40,2023-06-03 17:38
Cinemavera_Shibuya,next,13,2023-06-03 16:15,2023-06-03 17:57
Jinbocho_Theater,morishige2,16,2023-06-03 18:10,2023-06-03 19:40
Cinemavera_Shibuya,next,12,2023-06-03 18:15,2023-06-03 19:49
Cinemavera_Shibuya,next,8,2023-06-03 20:10,2023-06-03 21:30
Jinbocho_Theater,morishige2,14,2023-06-04 11:00,2023-06-04 12:46
Cinemavera_Shibuya,next,1,2023-06-04 11:00,2023-06-04 12:25
Cinemavera_Shibuya,next,3,2023-06-04 12:45,2023-06-04 13:02
Cinemavera_Shibuya,next,2,2023-06-04 12:45,2023-06-04 13:07
Jinbocho_Theater,morishige2,15,2023-06-04 13:15,2023-06-04 15:13
Cinemavera_Shibuya,next,15,2023-06-04 13:45,2023-06-04 15:35
Jinbocho_Theater,morishige2,16,2023-06-04 15:45,2023-06-04 17:15
Cinemavera_Shibuya,next,6,2023-06-04 15:55,2023-06-04 17:07
Cinemavera_Shibuya,next,5,2023-06-04 17:25,2023-06-04 18:50
Jinbocho_Theater,morishige2,13,2023-06-04 17:45,2023-06-04 19:45
Cinemavera_Shibuya,next,4,2023-06-04 19:10,2023-06-04 20:37
Cinemavera_Shibuya,next,7,2023-06-05 11:00,2023-06-05 12:17
Jinbocho_Theater,morishige2,15,2023-06-05 12:00,2023-06-05 13:58
Cinemavera_Shibuya,next,4,2023-06-05 12:35,2023-06-05 14:02
Cinemavera_Shibuya,next,16,2023-06-05 14:20,2023-06-05 16:04
Jinbocho_Theater,morishige2,16,2023-06-05 14:25,2023-06-05 15:55
Cinemavera_Shibuya,next,14,2023-06-05 16:25,2023-06-05 18:40
Jinbocho_Theater,morishige2,13,2023-06-05 16:30,2023-06-05 18:30
Cinemavera_Shibuya,next,12,2023-06-05 19:00,2023-06-05 20:34
Jinbocho_Theater,morishige2,14,2023-06-05 19:15,2023-06-05 21:01
Cinemavera_Shibuya,next,3,2023-06-05 20:55,2023-06-05 21:12
Cinemavera_Shibuya,next,2,2023-06-05 20:55,2023-06-05 21:17
Cinemavera_Shibuya,next,19,2023-06-06 11:00,2023-06-06 12:44
Jinbocho_Theater,morishige2,16,2023-06-06 12:00,2023-06-06 13:30
Cinemavera_Shibuya,next,6,2023-06-06 13:05,2023-06-06 14:17
Jinbocho_Theater,morishige2,13,2023-06-06 14:15,2023-06-06 16:15
Cinemavera_Shibuya,next,8,2023-06-06 14:35,2023-06-06 15:55
Cinemavera_Shibuya,next,5,2023-06-06 16:15,2023-06-06 17:40
Jinbocho_Theater,morishige2,14,2023-06-06 16:40,2023-06-06 18:26
Cinemavera_Shibuya,next,9,2023-06-06 18:00,2023-06-06 19:15
Jinbocho_Theater,morishige2,15,2023-06-06 19:15,2023-06-06 21:13
Cinemavera_Shibuya,next,20,2023-06-06 19:35,2023-06-06 21:24
Cinemavera_Shibuya,next,5,2023-06-07 11:00,2023-06-07 12:25
Jinbocho_Theater,morishige2,13,2023-06-07 12:00,2023-06-07 14:00
Cinemavera_Shibuya,next,10,2023-06-07 12:45,2023-06-07 14:59
Jinbocho_Theater,morishige2,14,2023-06-07 14:25,2023-06-07 16:11
Cinemavera_Shibuya,next,13,2023-06-07 15:20,2023-06-07 17:02
Jinbocho_Theater,morishige2,15,2023-06-07 16:40,2023-06-07 18:38
Cinemavera_Shibuya,next,15,2023-06-07 17:20,2023-06-07 19:10
Jinbocho_Theater,morishige2,16,2023-06-07 19:15,2023-06-07 20:45
Cinemavera_Shibuya,next,14,2023-06-07 19:30,2023-06-07 21:45
Cinemavera_Shibuya,next,6,2023-06-08 11:00,2023-06-08 12:12
Jinbocho_Theater,morishige2,14,2023-06-08 12:00,2023-06-08 13:46
Cinemavera_Shibuya,next,14,2023-06-08 12:30,2023-06-08 14:45
Jinbocho_Theater,morishige2,15,2023-06-08 14:15,2023-06-08 16:13
Cinemavera_Shibuya,next,1,2023-06-08 15:05,2023-06-08 16:30
Jinbocho_Theater,morishige2,16,2023-06-08 16:40,2023-06-08 18:10
Cinemavera_Shibuya,next,8,2023-06-08 16:50,2023-06-08 18:10
Cinemavera_Shibuya,next,15,2023-06-08 18:30,2023-06-08 20:20
Jinbocho_Theater,morishige2,13,2023-06-08 19:15,2023-06-08 21:15
Cinemavera_Shibuya,next,7,2023-06-08 20:40,2023-06-08 21:57
Cinemavera_Shibuya,next,9,2023-06-09 11:00,2023-06-09 12:15
Jinbocho_Theater,morishige2,13,2023-06-09 12:00,2023-06-09 14:00
Cinemavera_Shibuya,next,13,2023-06-09 12:35,2023-06-09 14:17
Jinbocho_Theater,morishige2,14,2023-06-09 14:25,2023-06-09 16:11
Cinemavera_Shibuya,next,12,2023-06-09 14:35,2023-06-09 16:09
Cinemavera_Shibuya,next,2,2023-06-09 16:30,2023-06-09 16:52
Cinemavera_Shibuya,next,3,2023-06-09 16:30,2023-06-09 16:47
Jinbocho_Theater,morishige2,15,2023-06-09 16:40,2023-06-09 18:38
Cinemavera_Shibuya,next,4,2023-06-09 17:30,2023-06-09 18:57
Jinbocho_Theater,morishige2,16,2023-06-09 19:15,2023-06-09 20:45
Cinemavera_Shibuya,next,19,2023-06-09 19:15,2023-06-09 20:59
Cinemavera_Shibuya,next,7,2023-06-10 11:00,2023-06-10 12:17
Cinemavera_Shibuya,next,9,2023-06-10 12:35,2023-06-10 13:50
Cinemavera_Shibuya,next,6,2023-06-10 14:10,2023-06-10 15:22
Cinemavera_Shibuya,next,1,2023-06-10 15:40,2023-06-10 17:05
Cinemavera_Shibuya,next,14,2023-06-10 17:25,2023-06-10 19:40
Cinemavera_Shibuya,next,15,2023-06-10 20:00,2023-06-10 21:50
Cinemavera_Shibuya,next,5,2023-06-11 11:00,2023-06-11 12:25
Cinemavera_Shibuya,next,19,2023-06-11 12:45,2023-06-11 14:29
Cinemavera_Shibuya,next,1,2023-06-11 14:50,2023-06-11 16:15
Cinemavera_Shibuya,next,8,2023-06-11 16:35,2023-06-11 17:55
Cinemavera_Shibuya,next,4,2023-06-11 18:15,2023-06-11 19:42
Cinemavera_Shibuya,next,12,2023-06-11 20:00,2023-06-11 21:34
Cinemavera_Shibuya,next,17,2023-06-12 11:00,2023-06-12 12:35
Cinemavera_Shibuya,next,14,2023-06-12 12:55,2023-06-12 15:10
Cinemavera_Shibuya,next,2,2023-06-12 15:30,2023-06-12 15:52
Cinemavera_Shibuya,next,3,2023-06-12 15:30,2023-06-12 15:47
Cinemavera_Shibuya,next,5,2023-06-12 16:30,2023-06-12 17:55
Cinemavera_Shibuya,next,6,2023-06-12 18:15,2023-06-12 19:27
Cinemavera_Shibuya,next,13,2023-06-12 19:45,2023-06-12 21:27
Cinemavera_Shibuya,next,8,2023-06-13 11:00,2023-06-13 12:20
Cinemavera_Shibuya,next,4,2023-06-13 12:40,2023-06-13 14:07
Cinemavera_Shibuya,next,15,2023-06-13 14:25,2023-06-13 16:15
Cinemavera_Shibuya,next,7,2023-06-13 16:35,2023-06-13 17:52
Cinemavera_Shibuya,next,19,2023-06-13 18:10,2023-06-13 19:54
Cinemavera_Shibuya,next,9,2023-06-13 20:15,2023-06-13 21:30
Cinemavera_Shibuya,next,19,2023-06-14 11:00,2023-06-14 12:44
Cinemavera_Shibuya,next,5,2023-06-14 13:05,2023-06-14 14:30
Cinemavera_Shibuya,next,7,2023-06-14 14:50,2023-06-14 16:07
Cinemavera_Shibuya,next,6,2023-06-14 16:25,2023-06-14 17:37
Cinemavera_Shibuya,next,4,2023-06-14 17:55,2023-06-14 19:22
Cinemavera_Shibuya,next,8,2023-06-14 19:40,2023-06-14 21:00
Cinemavera_Shibuya,next,12,2023-06-15 11:00,2023-06-15 12:34
Cinemavera_Shibuya,next,15,2023-06-15 12:55,2023-06-15 14:45
Cinemavera_Shibuya,next,13,2023-06-15 15:05,2023-06-15 16:47
Cinemavera_Shibuya,next,9,2023-06-15 17:05,2023-06-15 18:20
Cinemavera_Shibuya,next,7,2023-06-15 18:40,2023-06-15 19:57
Cinemavera_Shibuya,next,2,2023-06-15 20:15,2023-06-15 20:37
Cinemavera_Shibuya,next,3,2023-06-15 20:15,2023-06-15 20:32
Cinemavera_Shibuya,next,6,2023-06-16 11:00,2023-06-16 12:12
Cinemavera_Shibuya,next,8,2023-06-16 12:30,2023-06-16 13:50
Cinemavera_Shibuya,next,5,2023-06-16 14:10,2023-06-16 15:35
Cinemavera_Shibuya,next,19,2023-06-16 15:55,2023-06-16 17:39
Cinemavera_Shibuya,next,9,2023-06-16 18:00,2023-06-16 19:15
Cinemavera_Shibuya,next,1,2023-06-16 19:35,2023-06-16 21:00
